Identity,Status,Timestamp
Anirudhdfaceimgpub,Verified,2025-07-19 18:11:19
Unknown,Unauthorized,2025-07-19 18:11:20
Anirudhdfaceimgpub,Verified,2025-07-19 18:11:20
Unknown,Unauthorized,2025-07-19 18:11:21
Anirudhdfaceimgpub,Verified,2025-07-19 18:11:22
Unknown,Unauthorized,2025-07-19 18:11:23
Unknown,Unauthorized,2025-07-19 18:11:24
Unknown,Unauthorized,2025-07-19 18:11:25
Anirudhdfaceimgpub,Verified,2025-07-19 18:11:25
Unknown,Unauthorized,2025-07-19 18:11:26
Anirudhdfaceimgpub,Verified,2025-07-19 18:11:27
Unknown,Unauthorized,2025-07-19 18:11:28
Unknown,Unauthorized,2025-07-19 18:11:29
Anirudhdfaceimgpub,Verified,2025-07-19 18:11:30
Anirudhdfaceimgpub,Verified,2025-07-19 18:11:31
Anirudhdfaceimgpub,Verified,2025-07-19 18:11:32
